{
"width": 5501, "height": 3667,
"format": "jpg",
"pixelSizeInMM": 0.0594565,
"type":"ptm",
"colorspace":"rgb",
"lights": [36.898, 120.833, 162.192, 95.283, 88.388, 159.760, 116.953, 17.379, 167.282, 88.869, -46.393, 177.002, 17.061, -78.166, 185.636, -51.871, -47.817, 188.913, -75.087, 27.207, 185.689, -39.074, 94.205, 176.152, 75.129, 131.693, 142.952, 138.593, 63.842, 142.094, 128.847, -33.007, 157.641, 67.698, -100.094, 165.699, -40.697, -102.992, 171.585, -105.512, -28.882, 172.319, -94.293, 78.592, 164.505, -19.760, 139.320, 151.933, 33.687, 165.619, 125.999, 123.907, 120.568, 121.692, 164.324, 8.882, 130.682, 116.156, -102.806, 139.820, 6.744, -146.959, 146.799, -105.580, -95.828, 150.471, -142.353, 23.321, 149.141, -86.912, 131.546, 137.457, 89.133, 167.664, 99.784, 172.554, 71.327, 104.304, 170.788, -65.864, 109.260, 73.616, -160.070, 117.846, -70.023, -159.145, 120.564, -160.745, -61.061, 122.751, -151.225, 95.218, 114.791, -47.537, 179.314, 105.966, 14.463, 206.420, 70.406, 148.284, 144.229, 70.549, 203.622, 0.120, 76.949, 140.144, -142.694, 83.570, -1.466, -199.294, 84.803, -143.542, -134.314, 89.396, -198.603, 13.811, 85.179, -124.918, 159.880, 78.323, 87.892, 202.593, 34.274, 203.028, 75.091, 47.723, 197.794, -89.950, 45.408, 82.479, -200.204, 47.561, -87.727, -196.660, 50.800, -199.695, -77.168, 54.066, -196.074, 94.810, 43.933, -77.839, 205.220, 38.744],
"nplanes": 18,
"quality": 95,
"colorprofile": "RGB",
"materials": [
{
 "scale": [0.392732,0.366818,0.367657,0.275381,0.261226,0.283824,0.223216,0.208422,0.233184,0.359809,0.334334,0.366814,0.274339,0.2693,0.321979,0.304127,0.288552,0.324135],
 "bias": [-0.00556692,-0.00732781,-0.0014533,0.461699,0.464747,0.472536,0.420831,0.427324,0.448203,0.71353,0.68727,0.620223,0.455778,0.456326,0.458965,0.834793,0.829722,0.797385] }
]
}
