{
"width": 5499, "height": 3666,
"format": "jpg",
"pixelSizeInMM": 0.0515924,
"type":"ptm",
"colorspace":"rgb",
"lights": [33.420, 118.064, 164.536, 89.122, 88.018, 162.899, 113.129, 20.268, 169.226, 88.269, -49.086, 176.638, 20.844, -77.939, 185.386, -53.702, -50.598, 187.844, -74.692, 21.650, 186.454, -38.181, 89.993, 178.191, 69.346, 130.907, 145.938, 134.892, 63.035, 145.302, 129.031, -33.298, 157.463, 67.058, -97.271, 167.336, -34.193, -100.431, 174.070, -100.429, -32.680, 174.319, -93.105, 74.061, 166.841, -20.960, 132.415, 156.887, 23.789, 160.256, 133.255, 118.938, 115.565, 129.369, 165.110, 8.914, 129.873, 118.489, -96.363, 141.972, 7.967, -142.042, 150.722, -97.881, -93.832, 155.781, -142.206, 14.841, 150.159, -87.757, 126.046, 141.205, 79.698, 166.484, 107.227, 171.699, 71.338, 105.390, 170.724, -63.674, 110.352, 80.616, -152.631, 122.002, -62.120, -155.093, 128.073, -155.609, -58.226, 129.046, -146.200, 89.484, 123.356, -51.342, 171.537, 114.358, 9.606, 204.633, 74.562, 148.261, 141.745, 74.053, 203.389, 3.236, 77.342, 142.948, -139.617, 83.899, 3.750, -195.234, 91.530, -140.213, -131.488, 96.297, -192.299, 11.179, 95.682, -127.950, 150.434, 87.892, 85.016, 201.751, 40.491, 205.105, 76.856, 40.178, 200.937, -84.922, 42.888, 85.645, -198.344, 48.896, -85.499, -194.566, 57.944, -194.583, -79.855, 63.063, -194.770, 89.152, 53.764, -82.943, 199.580, 48.666],
"nplanes": 18,
"quality": 95,
"colorprofile": "RGB",
"materials": [
{
 "scale": [0.393267,0.378396,0.401038,0.264987,0.256822,0.289328,0.298268,0.287389,0.323129,0.326424,0.320091,0.373974,0.303867,0.301122,0.351938,0.357513,0.348776,0.398504],
 "bias": [-0.00306428,-0.00457018,-0.000997385,0.458194,0.461711,0.468746,0.418857,0.415025,0.423336,0.779757,0.776909,0.773401,0.415754,0.419556,0.432579,0.704713,0.700584,0.683981] }
]
}
