{
"width": 5850, "height": 3900,
"format": "jpg",
"pixelSizeInMM": 0.0588062,
"type":"ptm",
"colorspace":"rgb",
"lights": [40.804, 133.675, 152.664, 96.719, 86.235, 160.024, 117.638, 26.878, 165.803, 89.234, -44.025, 177.362, 20.288, -75.956, 186.146, -53.120, -43.402, 189.533, -74.629, 28.996, 185.615, -37.604, 99.246, 174.050, 74.449, 135.230, 140.500, 139.216, 68.902, 139.622, 132.215, -26.348, 156.346, 69.728, -97.067, 166.510, -35.189, -101.953, 173.144, -99.619, -23.699, 175.948, -90.263, 81.685, 165.141, -12.447, 142.672, 149.972, 33.185, 169.140, 122.284, 125.198, 120.453, 120.720, 165.020, 15.062, 129.504, 116.793, -101.685, 140.057, 6.130, -149.182, 144.949, -105.342, -97.202, 149.874, -138.315, 27.062, 151.760, -79.904, 133.668, 139.258, 81.655, 171.452, 99.756, 170.420, 75.339, 104.837, 172.459, -61.054, 109.392, 81.044, -157.036, 117.213, -61.588, -157.147, 126.242, -156.671, -55.424, 129.004, -145.716, 98.077, 118.485, -39.083, 178.610, 109.538, 20.106, 202.331, 77.508, 147.981, 142.015, 74.084, 203.040, 6.387, 77.860, 143.114, -138.346, 85.234, 5.191, -196.454, 89.493, -138.549, -135.857, 93.479, -192.624, 15.902, 94.672, -122.591, 155.876, 86.509, 86.759, 198.896, 46.246, 202.800, 77.403, 46.032, 200.869, -82.732, 45.544, 88.558, -196.399, 50.528, -78.222, -196.375, 60.654, -194.404, -80.850, 62.576, -188.967, 98.743, 56.263, -62.298, 209.948, 40.289],
"nplanes": 18,
"quality": 95,
"colorprofile": "RGB",
"materials": [
{
 "scale": [0.494547,0.447073,0.429868,0.355317,0.327482,0.330885,0.346153,0.321307,0.333461,0.382591,0.346875,0.357929,0.357469,0.342815,0.389578,0.395764,0.365122,0.370205],
 "bias": [-0.0101066,-0.0120841,-0.00703231,0.374992,0.394353,0.441311,0.373294,0.384516,0.410765,0.833523,0.817239,0.773224,0.419625,0.428472,0.436335,0.788272,0.777541,0.738905] }
]
}
