{
"width": 5499, "height": 3666,
"format": "jpg",
"pixelSizeInMM": 0.0569814,
"type":"ptm",
"colorspace":"rgb",
"lights": [10.520, 80.606, 185.156, 85.071, 44.331, 179.040, 112.252, -29.588, 168.555, 85.464, -98.379, 159.519, 25.957, -124.656, 161.539, -52.014, -99.962, 170.505, -93.058, -25.146, 178.825, -64.084, 52.590, 184.540, 58.159, 101.357, 168.102, 135.934, 25.549, 153.764, 124.288, -77.331, 147.405, 71.991, -136.594, 140.468, -30.688, -142.987, 147.519, -113.381, -75.728, 155.230, -116.483, 33.787, 165.423, -50.607, 104.154, 168.723, 1.498, 148.829, 145.350, 120.269, 93.258, 142.448, 160.447, -25.185, 132.858, 112.909, -130.940, 121.679, 20.393, -171.553, 121.834, -96.305, -136.162, 128.383, -156.315, -22.408, 137.223, -118.010, 98.094, 141.322, 72.055, 161.625, 116.919, 172.083, 48.802, 114.588, 164.824, -88.035, 104.100, 80.551, -172.429, 99.151, -53.466, -185.616, 94.852, -162.030, -94.890, 102.824, -174.966, 54.615, 108.940, -78.258, 159.592, 115.965, -9.929, 203.358, 76.991, 145.789, 137.818, 82.480, 200.372, -12.081, 82.273, 134.394, -153.668, 75.945, 11.106, -210.312, 62.442, -129.091, -164.581, 65.649, -202.668, -24.630, 75.920, -155.543, 130.338, 78.252, 76.604, 204.418, 42.423, 202.819, 79.512, 43.774, 193.810, -94.658, 49.860, 87.912, -204.150, 29.112, -67.387, -213.426, 22.996, -191.096, -111.676, 32.537, -210.727, 64.652, 35.684, -103.725, 190.844, 45.627],
"nplanes": 18,
"quality": 95,
"colorprofile": "RGB",
"materials": [
{
 "scale": [0.330788,0.316263,0.327424,0.195528,0.187346,0.211496,0.217961,0.20826,0.233211,0.207483,0.204461,0.241745,0.235368,0.233222,0.277012,0.214506,0.207837,0.242884],
 "bias": [-0.00848627,-0.0102975,-0.00513326,0.520475,0.519044,0.520409,0.456133,0.454261,0.451778,0.76641,0.759857,0.749144,0.466712,0.475631,0.484238,0.742131,0.739118,0.7157] }
]
}
