{
"width": 4000, "height": 4000,
"format": "jpg",
"pixelSizeInMM": 0.0673092,
"type":"ptm",
"colorspace":"rgb",
"lights": [-123.943, 53.814, 156.124, -43.343, 138.605, 148.354, 68.359, 115.587, 156.726, 135.207, 34.240, 152.884, 136.507, -72.424, 140.354, 75.429, -133.257, 141.619, -39.475, -136.435, 150.907, -121.706, -65.427, 153.867, -92.310, -6.942, 180.549, -60.963, 70.707, 180.200, 20.990, 94.159, 178.790, 96.249, 52.592, 172.164, 123.767, -23.659, 162.411, 99.672, -93.165, 155.164, 25.948, -119.468, 164.818, -54.891, -90.251, 174.308, -36.727, -136.517, 151.423, -118.188, -66.211, 155.870, -166.108, -2.301, 129.068, -116.543, 124.438, 124.379, 16.965, 166.113, 128.173, 133.865, 96.236, 130.371, 170.658, -22.090, 122.604, 129.303, -123.074, 115.030, 17.788, -170.784, 123.024, -107.456, -128.577, 127.547, -177.842, 78.420, 92.974, -62.462, 183.897, 93.208, 88.586, 170.562, 96.338, 181.252, 54.932, 100.500, 173.541, -85.737, 94.228, 89.752, -171.721, 93.922, -63.490, -181.870, 95.668, -173.474, -80.626, 97.695, -214.780, 2.435, 52.242, -146.092, 157.661, 51.854, 11.761, 213.288, 55.263, 160.584, 135.415, 63.678, 206.449, -15.900, 70.130, 15.348, -210.708, 60.920, -208.051, 89.441, 10.188, -74.766, 213.560, 11.257, 99.623, 201.309, 19.496, 209.802, 74.811, 27.326, 199.647, -89.930, 40.382, 94.836, -200.035, 32.387, -75.975, -211.640, 18.337, -206.212, -92.328, 13.039],
"nplanes": 18,
"quality": 95,
"colorprofile": "RGB",
"materials": [
{
 "scale": [0.371577,0.353426,0.361849,0.220721,0.210046,0.230664,0.233153,0.224792,0.247768,0.225388,0.219113,0.253603,0.350785,0.346854,0.412004,0.272701,0.263068,0.299192],
 "bias": [-0.00572802,-0.00658815,-0.00310341,0.582682,0.579913,0.570114,0.452711,0.450027,0.453812,0.700567,0.698116,0.681305,0.610934,0.607007,0.599326,0.660777,0.657422,0.622623] }
]
}
