{
"width": 4000, "height": 4000,
"format": "jpg",
"pixelSizeInMM": 0.0484473,
"type":"ptm",
"colorspace":"rgb",
"lights": [28.190, 119.918, 164.229, 87.843, 85.015, 164.823, 108.953, 19.321, 171.633, 81.953, -48.611, 179.334, 17.049, -78.487, 185.521, -56.512, -50.454, 187.165, -77.458, 24.342, 185.192, -46.705, 89.638, 176.600, 65.745, 124.119, 152.132, 133.908, 62.505, 146.243, 125.615, -33.838, 159.673, 62.740, -98.439, 168.175, -39.059, -100.403, 173.208, -106.412, -32.094, 171.362, -99.884, 71.434, 164.475, -29.013, 133.031, 155.367, 16.112, 163.038, 131.428, 119.980, 116.063, 128.222, 164.481, 8.789, 130.526, 164.217, 7.872, 130.844, 115.066, -99.708, 142.389, 6.638, -143.693, 149.466, -102.453, -93.608, 153.414, -144.910, 17.995, 147.700, -94.608, 126.174, 137.420, 77.048, 169.872, 104.562, 173.403, 69.808, 104.009, 170.559, -65.356, 109.779, 73.104, -156.130, 122.247, -66.967, -156.896, 124.270, -158.345, -59.755, 125.745, -156.414, 83.927, 116.256, -57.052, 174.563, 108.467, 1.293, 207.036, 70.173, 149.347, 143.481, 70.044, 204.663, 0.135, 74.943, 140.900, -143.538, 81.552, -1.993, -195.397, 91.310, -137.166, -135.284, 95.634, -194.549, 10.851, 92.201, -134.106, 150.587, 80.630, 82.173, 204.660, 35.283, 206.888, 75.975, 35.766, 200.776, -89.283, 37.952, 78.873, -201.442, 48.104, -82.926, -195.477, 58.386, -195.336, -78.012, 63.048, -195.525, 91.001, 49.930],
"nplanes": 18,
"quality": 95,
"colorprofile": "sRGB",
"materials": [
{
 "scale": [0.63333,0.620791,0.630962,0.469303,0.465378,0.483338,0.552093,0.547111,0.565537,0.596962,0.590146,0.622084,0.550133,0.550159,0.585504,0.627941,0.622467,0.644332],
 "bias": [0.0149203,0.0160218,0.0211933,0.411165,0.412285,0.419414,0.440246,0.443957,0.447487,0.800429,0.79549,0.797198,0.420838,0.419416,0.411808,0.720813,0.712045,0.705524] }
]
}
