{
"width": 5501, "height": 3667,
"format": "jpg",
"pixelSizeInMM": 0.0560272,
"type":"ptm",
"colorspace":"rgb",
"lights": [-33.555, 68.980, 186.831, 39.468, 39.281, 193.158, 59.353, -32.425, 189.831, 21.178, -97.726, 177.126, -50.886, -119.986, 159.510, -116.001, -95.288, 144.253, -133.399, -35.499, 153.969, -101.143, 36.420, 173.332, 26.140, 96.045, 177.345, 104.754, 25.438, 173.174, 77.500, -78.385, 171.865, 2.274, -136.135, 155.370, -96.795, -129.545, 133.551, -147.379, -77.084, 128.863, -144.509, 20.243, 147.785, -76.873, 91.675, 166.434, -16.385, 139.159, 152.390, 102.807, 90.941, 154.555, 136.888, -24.974, 153.134, 68.849, -134.143, 143.682, -45.762, -163.684, 124.962, -139.541, -119.277, 108.569, -173.408, -27.834, 118.509, -133.038, 83.878, 137.825, 64.041, 155.753, 126.651, 163.520, 48.818, 124.201, 147.080, -94.128, 119.691, 29.857, -179.081, 111.204, -104.130, -163.253, 94.119, -175.892, -86.254, 90.509, -179.442, 45.906, 106.357, -87.802, 152.138, 118.475, -2.609, 197.744, 87.433, 145.447, 129.191, 92.698, 195.732, -19.722, 89.164, 117.483, -161.404, 84.222, -36.113, -201.624, 74.612, -153.604, -139.685, 68.964, -205.243, -21.512, 71.550, -151.111, 129.518, 85.285, 87.309, 195.028, 55.097, 202.927, 66.713, 55.265, 188.711, -103.405, 51.214, 59.851, -209.117, 44.752, -101.482, -194.276, 39.701, -198.090, -92.057, 42.012, -206.144, 70.622, 43.603, -92.409, 194.443, 50.947],
"nplanes": 18,
"quality": 95,
"colorprofile": "RGB",
"materials": [
{
 "scale": [0.312252,0.303184,0.323701,0.163648,0.154958,0.17469,0.199587,0.191228,0.216431,0.216172,0.211792,0.236899,0.185993,0.18137,0.215668,0.219716,0.213718,0.244426],
 "bias": [-0.00124117,-0.00147119,0.000912045,0.538275,0.541675,0.533076,0.50597,0.507158,0.500271,0.737068,0.736653,0.721506,0.413758,0.416525,0.423942,0.767798,0.774345,0.747481] }
]
}
