{
"width": 4060, "height": 5620,
"format": "jpg",
"pixelSizeInMM": 0.0597257,
"type":"ptm",
"colorspace":"rgb",
"lights": [-133.637, -148.190, 84.371, -194.788, 86.544, 56.417, -67.831, 205.355, 48.282, 96.513, 193.197, 49.122, 203.621, 75.967, 45.283, 199.243, -85.093, 47.211, 92.803, -197.538, 42.569, -75.819, -204.650, 42.594, -190.737, -89.434, 62.310, -78.144, -13.427, 185.901, -48.605, 59.333, 186.834, 26.258, 78.026, 184.761, 94.554, 46.057, 174.544, 118.226, -22.156, 166.040, 90.726, -90.356, 161.061, 32.554, -113.606, 167.317, -42.592, -87.606, 178.353, -99.842, 42.713, 172.749, -34.070, 113.838, 166.927, 72.468, 95.542, 166.265, 130.846, 29.868, 156.781, 131.197, -67.962, 146.262, 77.519, -128.201, 144.514, -28.523, -130.984, 156.895, -100.573, -63.477, 166.865, -143.416, -7.578, 149.651, -96.326, 103.302, 151.521, 24.131, 145.232, 146.707, 128.556, 88.628, 138.875, 165.688, -20.040, 128.259, 117.889, -117.124, 129.009, 21.056, -160.949, 132.948, -92.176, -124.160, 140.258, -155.423, 65.437, 126.402, -52.835, 164.786, 121.506, 88.271, 153.765, 116.508, 173.658, 55.363, 110.278, 170.409, -79.187, 102.628, 83.724, -166.474, 104.822, -56.066, -172.773, 111.089, -155.911, -79.259, 119.364, -196.946, -1.426, 88.787, -132.870, 143.737, 90.769, 13.693, 197.741, 86.667, 152.887, 128.464, 84.117, 203.117, -14.257, 76.958, 147.325, -142.214, 74.740, 13.404, -203.859, 75.649],
"nplanes": 18,
"quality": 95,
"colorprofile": "RGB",
"materials": [
{
 "scale": [0.269425,0.250517,0.254037,0.197182,0.185642,0.203384,0.216467,0.205375,0.219433,0.234369,0.222151,0.239254,0.237948,0.228746,0.261972,0.251938,0.238662,0.262491],
 "bias": [-0.0116926,-0.0135499,-0.00838066,0.511387,0.511277,0.527056,0.470792,0.468926,0.480099,0.787049,0.786745,0.760257,0.561979,0.558679,0.54501,0.677136,0.669938,0.644928] }
]
}
