{
"width": 4060, "height": 5620,
"format": "jpg",
"pixelSizeInMM": 0.059858,
"type":"ptm",
"colorspace":"rgb",
"lights": [-91.255, -11.223, 180.823, -54.896, 63.400, 184.166, 21.558, 82.578, 183.579, 91.882, 50.338, 174.753, 116.143, -20.303, 167.480, 87.306, -90.602, 162.533, 27.948, -113.783, 167.920, -48.521, -87.594, 177.058, -107.673, 45.091, 168.175, -36.904, 119.425, 163.069, 68.412, 100.305, 165.343, 129.769, 32.504, 157.092, 130.067, -67.660, 147.214, 74.307, -129.174, 145.193, -33.353, -131.223, 155.925, -107.279, -62.487, 163.615, -150.045, -5.161, 144.241, -103.064, 108.355, 144.748, 19.428, 151.006, 142.394, 126.197, 93.133, 138.227, 164.739, -18.263, 129.460, 116.722, -117.582, 129.532, 17.384, -162.215, 132.124, -98.645, -125.444, 135.629, -162.685, 69.792, 116.842, -58.690, 168.725, 114.870, 83.460, 160.688, 111.824, 173.892, 58.167, 108.845, 169.775, -78.800, 103.668, 81.884, -167.379, 104.831, -60.764, -174.066, 107.509, -162.433, -78.920, 112.434, -202.293, 1.290, 79.435, -136.908, 147.734, 81.044, 11.176, 202.635, 78.233, 152.862, 131.781, 80.304, 203.408, -11.691, 76.717, 145.970, -143.015, 75.543, 10.435, -205.541, 72.684, -138.504, -150.343, 75.422, -199.800, 87.253, 43.258, -72.068, 207.874, 37.042, 94.391, 196.943, 42.137, 203.388, 78.632, 43.146, 199.523, -86.395, 45.009, 91.350, -199.399, 39.246, -78.233, -206.679, 33.744, -195.265, -90.921, 50.654],
"nplanes": 18,
"quality": 95,
"colorprofile": "RGB",
"materials": [
{
 "scale": [0.268156,0.249474,0.254839,0.194531,0.182259,0.201028,0.214721,0.20421,0.219153,0.214825,0.204058,0.226417,0.227267,0.219926,0.253648,0.238646,0.227946,0.258261],
 "bias": [-0.0126182,-0.0144102,-0.00974387,0.518921,0.519836,0.528522,0.47205,0.472433,0.483005,0.7938,0.792172,0.767255,0.575126,0.574335,0.556869,0.666015,0.656001,0.634658] }
]
}
