{
"width": 5700, "height": 3800,
"format": "jpg",
"pixelSizeInMM": 0.041298,
"type":"ptm",
"colorspace":"rgb",
"lights": [12.141, 81.443, 184.755, 79.149, 48.622, 180.408, 101.339, -20.571, 175.444, 70.935, -85.693, 171.308, 7.854, -110.443, 171.595, -56.941, -87.111, 175.108, -83.902, -19.608, 183.251, -58.690, 49.147, 186.887, 58.087, 103.660, 166.928, 131.562, 32.964, 155.755, 116.419, -66.770, 156.784, 52.658, -125.409, 155.472, -107.673, -66.965, 161.891, -109.580, 37.267, 168.754, -42.863, 103.656, 170.794, 8.623, 147.291, 146.440, 117.389, 96.860, 142.447, 159.223, -19.104, 134.872, 107.249, -123.548, 131.659, 3.963, -163.575, 131.640, -101.248, -121.420, 137.051, -150.831, -15.092, 142.980, -106.217, 100.053, 147.785, 72.641, 159.158, 119.306, 171.847, 54.373, 112.871, 162.714, -83.772, 109.307, 69.501, -172.479, 105.354, -65.442, -175.116, 103.984, -159.209, -83.469, 113.476, -164.980, 61.887, 117.823, -67.873, 162.377, 118.078, 1.076, 199.557, 84.349, 147.582, 136.765, 81.423, 202.130, -10.172, 79.270, 135.849, -151.504, 77.198, -1.636, -205.873, 72.537, -135.924, -152.980, 74.984, -200.468, -11.805, 82.130, -144.007, 135.153, 87.881, 82.547, 200.735, 46.101, 206.008, 74.473, 40.104, 196.245, -93.070, 45.669, 78.174, -205.190, 38.453, -82.181, -203.743, 38.080, -195.023, -95.430, 45.889, -201.900, 74.741, 50.934, -85.636, 197.378, 51.292],
"nplanes": 18,
"quality": 95,
"colorprofile": "RGB",
"materials": [
{
 "scale": [0.389088,0.370045,0.388974,0.240351,0.231918,0.270547,0.284144,0.271946,0.307355,0.271411,0.267824,0.329027,0.274044,0.268471,0.318737,0.294093,0.286929,0.349427],
 "bias": [0.00391766,0.00318147,0.010671,0.507967,0.506467,0.502903,0.461759,0.462325,0.470005,0.82037,0.813458,0.792489,0.515587,0.511267,0.507128,0.781448,0.774318,0.746317] }
]
}
