{
"width": 5000, "height": 3333,
"format": "jpg",
"pixelSizeInMM": 0.0669828,
"type":"ptm",
"colorspace":"rgb",
"lights": [113.352, -30.533, 167.785, 86.145, -89.494, 163.571, 27.655, -114.247, 167.694, -40.394, -91.665, 177.040, -70.463, -23.266, 187.701, -43.637, 45.000, 191.293, 68.455, 95.026, 167.950, 139.938, 23.129, 151.059, 126.791, -72.083, 147.843, 69.468, -126.888, 148.812, -26.384, -133.182, 155.651, -96.921, -68.148, 167.135, -99.108, 36.173, 174.375, -29.391, 100.386, 174.839, 16.289, 141.390, 150.675, 128.409, 87.697, 139.470, 164.144, -27.250, 128.790, 117.644, -125.518, 122.660, 16.918, -165.645, 128.668, -91.145, -126.073, 139.405, -141.721, -16.628, 150.385, -99.799, 99.851, 151.576, 81.473, 153.000, 121.172, 178.255, 45.508, 108.036, 169.127, -87.622, 98.912, 80.363, -171.839, 100.051, -53.535, -177.989, 105.477, -154.303, -83.345, 118.809, -158.551, 60.277, 125.333, -62.285, 157.967, 125.136, 6.428, 194.868, 92.004, 153.802, 129.147, 82.098, 204.526, -15.289, 74.094, 141.115, -151.887, 69.584, 7.609, -206.139, 71.729, -131.865, -150.630, 83.236, -195.556, -12.237, 90.450, -139.555, 136.762, 91.328, 82.639, 198.129, 52.557, 207.507, 69.497, 40.787, 197.490, -93.230, 42.152, 82.159, -204.091, 37.057, -74.660, -205.936, 40.116, -194.191, -90.976, 53.145, -198.742, 77.787, 55.738, -85.506, 193.267, 60.756, 19.121, 74.546, 186.742, 88.684, 37.527, 178.871],
"nplanes": 18,
"quality": 95,
"colorprofile": "sRGB",
"materials": [
{
 "scale": [1.06961,1.04012,1.02402,1.85917,1.79037,1.7282,1.22837,1.19185,1.17985,1.67011,1.60472,1.55771,1.69415,1.62725,1.64934,1.39538,1.35094,1.34801],
 "bias": [0.00159114,0.00181241,0.00367002,0.280294,0.28574,0.297927,0.374049,0.383357,0.397866,0.842789,0.834233,0.802263,0.498546,0.495111,0.469759,0.759145,0.756557,0.741596] }
]
}
