{
"width": 5850, "height": 3900,
"format": "jpg",
"pixelSizeInMM": 0.0588883,
"type":"ptm",
"colorspace":"rgb",
"lights": [38.803, 131.077, 154.968, 95.365, 92.847, 157.576, 116.660, 29.750, 165.973, 87.858, -42.398, 178.287, 20.653, -72.789, 187.199, -54.033, -41.663, 189.647, -74.049, 33.520, 185.158, -37.445, 101.584, 172.925, 75.523, 136.582, 138.943, 138.585, 70.093, 139.650, 131.635, -25.266, 156.906, 69.058, -95.909, 167.313, -37.234, -99.472, 174.007, -100.991, -20.894, 175.583, -90.133, 86.468, 163.130, -12.366, 144.546, 148.476, 34.616, 169.870, 121.148, 125.057, 121.712, 119.823, 164.433, 16.076, 130.010, 121.169, -94.948, 140.889, 12.118, -143.468, 149.360, -98.934, -92.226, 156.028, -138.662, 31.164, 150.836, -78.458, 137.279, 137.029, 81.864, 172.440, 98.307, 169.710, 77.402, 104.564, 171.433, -60.496, 110.893, 79.900, -155.057, 119.911, -64.150, -154.229, 128.108, -158.130, -51.936, 128.737, -144.732, 99.340, 118.607, -32.247, 179.888, 109.644, 25.579, 202.258, 76.478, 149.545, 142.635, 70.953, 202.533, 7.092, 78.766, 141.757, -138.379, 86.860, 0.412, -196.150, 90.104, -140.352, -133.185, 94.350, -192.607, 19.444, 94.196, -120.504, 157.822, 86.065, 87.194, 199.336, 44.580, 202.989, 77.731, 45.188, 200.056, -83.118, 47.258, 89.399, -195.338, 52.163, -80.071, -195.080, 61.829, -195.752, -76.692, 63.271, -188.028, 101.844, 54.696, -56.641, 210.752, 42.631],
"nplanes": 18,
"quality": 95,
"colorprofile": "RGB",
"materials": [
{
 "scale": [0.503582,0.459204,0.445466,0.366365,0.341229,0.339195,0.358925,0.333124,0.34539,0.396633,0.362266,0.376712,0.3639,0.350429,0.397226,0.417558,0.39131,0.397526],
 "bias": [-0.00946206,-0.0115308,-0.0070652,0.374245,0.389432,0.437171,0.366838,0.379357,0.409011,0.8294,0.813745,0.770497,0.422906,0.431479,0.435031,0.782805,0.772275,0.737636] }
]
}
