{
"width": 5201, "height": 3467,
"format": "jpg",
"pixelSizeInMM": 0.0574188,
"type":"ptm",
"colorspace":"rgb",
"lights": [23.614, 73.449, 186.674, 97.505, 37.718, 174.866, 121.243, -35.594, 162.180, 97.005, -102.100, 151.839, 38.449, -127.944, 157.222, -40.413, -104.426, 170.903, -79.858, -30.458, 183.530, -53.528, 44.905, 189.131, 68.098, 93.728, 168.690, 144.908, 17.490, 147.752, 133.361, -81.217, 138.875, 80.622, -138.705, 134.805, -17.506, -146.187, 146.700, -103.922, -81.327, 158.378, -106.537, 28.607, 171.820, -38.257, 101.341, 172.895, 13.345, 143.334, 149.380, 130.038, 86.313, 138.939, 166.815, -31.758, 125.127, 121.073, -133.717, 112.692, 31.773, -171.967, 119.391, -84.279, -138.860, 132.834, -145.477, -28.080, 145.920, -107.307, 93.469, 150.690, 88.971, 157.616, 111.920, 181.742, 42.187, 104.500, 169.376, -91.592, 95.788, 89.622, -171.750, 93.975, -40.514, -186.894, 97.785, -152.267, -99.792, 110.557, -165.530, 52.027, 120.973, -69.426, 156.436, 123.648, 0.255, 200.093, 83.414, 155.910, 128.544, 79.857, 204.165, -19.983, 74.007, 140.699, -152.828, 68.728, 21.884, -209.626, 62.077, -119.962, -168.015, 71.391, -196.731, -26.053, 86.267, -149.035, 130.467, 86.905, 87.894, 198.272, 46.568, 207.957, 68.281, 40.651, 196.215, -95.263, 42.972, 94.221, -200.688, 31.210, -59.598, -214.440, 27.997, -185.578, -114.975, 42.399, -205.999, 64.278, 49.578, -96.000, 193.116, 49.938],
"nplanes": 18,
"quality": 95,
"colorprofile": "RGB",
"materials": [
{
 "scale": [0.312397,0.298219,0.310366,0.191613,0.185295,0.20924,0.211873,0.202742,0.228154,0.198479,0.19485,0.232374,0.206213,0.205065,0.246077,0.202609,0.197652,0.234311],
 "bias": [-0.00313078,-0.00404904,0.000929395,0.508976,0.507661,0.513596,0.484885,0.479398,0.475801,0.772275,0.767078,0.760269,0.443355,0.451068,0.451504,0.747302,0.742263,0.717149] }
]
}
