{
"width": 5600, "height": 3733,
"format": "jpg",
"pixelSizeInMM": 0.0565276,
"type":"ptm",
"colorspace":"rgb",
"lights": [-16.448, 114.513, 168.787, 58.326, 74.355, 179.689, 84.904, 8.064, 183.603, 51.014, -51.179, 188.353, -20.351, -82.917, 183.566, -92.224, -49.994, 174.684, -117.788, 20.670, 166.466, -88.505, 84.956, 164.549, 34.633, 121.219, 162.370, 110.705, 51.403, 164.941, 100.984, -41.785, 172.376, 35.768, -104.167, 171.916, -71.136, -106.664, 160.951, -138.164, -29.885, 151.432, -132.540, 65.802, 146.077, -67.114, 124.805, 151.161, -10.723, 158.557, 136.267, 105.469, 107.113, 144.078, 143.345, -3.820, 149.826, 93.657, -105.880, 151.433, -23.125, -150.498, 142.382, -133.157, -95.037, 131.670, -168.825, 13.294, 125.632, -122.779, 117.054, 125.318, 66.289, 164.290, 116.678, 161.587, 56.812, 123.499, 153.509, -74.529, 124.209, 54.344, -168.893, 116.362, -90.915, -161.334, 106.403, -181.466, -56.412, 99.567, -173.607, 79.827, 98.017, -81.623, 165.812, 106.909, 0.167, 200.359, 82.943, 147.197, 132.407, 87.054, 194.446, -15.393, 91.876, 124.579, -155.917, 84.325, -25.926, -202.858, 75.245, -159.930, -132.092, 69.368, -207.929, 6.695, 68.086, -150.639, 140.390, 72.462, 91.432, 194.687, 51.468, 206.422, 62.704, 49.738, 189.455, -103.347, 49.537, 64.855, -208.926, 41.020, -105.896, -195.607, 28.514, -208.735, -75.148, 30.684, -202.620, 83.290, 40.058, -93.643, 194.863, 48.481],
"nplanes": 18,
"quality": 95,
"colorprofile": "sRGB",
"materials": [
{
 "scale": [0.977248,0.929561,0.89676,1.23426,1.17041,1.12057,0.809117,0.779544,0.76607,1.12692,1.08652,1.05159,1.05008,1.01734,1.04259,0.909056,0.87879,0.883467],
 "bias": [0.00196858,0.00222527,0.00532228,0.511645,0.498607,0.487364,0.423175,0.424075,0.425853,0.738619,0.722994,0.705799,0.527686,0.522344,0.522145,0.852372,0.845897,0.837274] }
]
}
