{
"width": 4500, "height": 3400,
"format": "jpg",
"pixelSizeInMM": 0.0664998,
"type":"ptm",
"colorspace":"rgb",
"lights": [-9.124, 83.492, 184.116, 56.848, 45.938, 188.078, 80.842, -29.701, 183.266, 45.523, -96.448, 173.778, -28.578, -121.594, 163.128, -89.535, -99.218, 157.188, -112.707, -31.429, 168.014, -82.541, 44.417, 180.034, 41.503, 99.846, 172.998, 116.606, 30.633, 165.869, 99.049, -76.402, 163.008, 27.008, -136.683, 152.998, -71.758, -135.128, 141.730, -127.885, -76.891, 145.023, -130.535, 26.037, 157.570, -57.703, 98.784, 169.530, -2.480, 142.320, 150.662, 110.274, 92.150, 149.577, 147.709, -26.864, 144.242, 86.949, -134.559, 135.026, -23.253, -169.315, 123.922, -117.158, -126.560, 122.172, -163.803, -22.309, 129.909, -120.083, 94.817, 141.726, 70.404, 153.856, 125.793, 166.661, 45.757, 121.758, 153.489, -96.319, 111.647, 51.143, -178.764, 105.380, -83.770, -170.801, 99.265, -168.088, -88.117, 99.929, -172.580, 55.393, 111.590, -76.423, 155.806, 120.944, 1.508, 196.082, 90.206, 149.980, 127.674, 88.766, 198.415, -19.777, 84.631, 123.969, -162.433, 75.581, -20.089, -207.059, 68.098, -142.489, -150.702, 69.428, -203.115, -17.919, 76.410, -148.795, 132.186, 85.269, 90.015, 193.317, 56.175, 206.973, 59.913, 50.452, 190.302, -107.700, 41.314, 69.199, -209.045, 36.422, -89.033, -200.049, 40.383, -197.165, -95.256, 40.374, -205.499, 71.530, 44.523, -84.887, 195.745, 55.895],
"nplanes": 18,
"quality": 95,
"colorprofile": "sRGB",
"materials": [
{
 "scale": [1.25971,1.2345,1.2397,1.09314,1.06007,1.0691,1.0456,1.02862,1.07058,1.00601,0.982489,0.996795,1.0585,1.0428,1.1045,1.05891,1.03937,1.07714],
 "bias": [0.00115138,0.0010493,0.00246168,0.520272,0.527437,0.541969,0.516152,0.509701,0.498405,0.828124,0.818741,0.808365,0.388447,0.38378,0.378761,0.731461,0.719104,0.715639] }
]
}
