{
"width": 4060, "height": 5620,
"format": "jpg",
"pixelSizeInMM": 0.0596605,
"type":"ptm",
"colorspace":"rgb",
"lights": [-52.050, 42.218, 190.019, -36.593, 59.389, 189.166, 30.119, 77.548, 184.427, 99.156, 45.938, 172.380, 122.796, -22.252, 163.199, 94.994, -86.734, 160.666, 38.186, -110.571, 168.030, -34.103, -84.014, 181.373, -90.416, 40.489, 177.571, -23.380, 111.900, 169.579, 77.686, 92.408, 165.769, 135.718, 28.555, 153.481, 134.329, -66.088, 144.608, 80.836, -124.366, 145.780, -20.743, -127.381, 160.378, -90.448, -59.901, 172.808, -133.248, -5.026, 157.402, -85.996, 102.848, 156.888, 30.236, 141.552, 148.743, 133.126, 84.952, 137.215, 167.814, -19.570, 126.063, 122.339, -113.605, 128.199, 26.558, -156.153, 136.766, -84.164, -119.730, 147.429, -144.963, 67.904, 135.150, -45.940, 160.899, 127.800, 92.787, 150.389, 117.220, 176.939, 51.197, 107.737, 172.478, -78.243, 100.497, 86.949, -163.514, 106.393, -50.456, -168.553, 118.136, -146.422, -77.707, 129.443, -188.135, 1.311, 102.301, -123.007, 143.175, 101.416, 22.026, 193.916, 91.703, 157.547, 123.263, 83.512, 204.514, -15.000, 74.158, 149.129, -139.688, 75.583, 16.734, -199.701, 82.869, -128.158, -145.828, 93.328, -187.063, 87.813, 70.977, -62.888, 202.326, 59.495, 101.692, 188.000, 54.939, 204.071, 73.754, 46.259, 200.018, -84.004, 46.396, 93.440, -195.840, 46.259, -72.406, -201.880, 53.077, -183.801, -91.885, 73.317],
"nplanes": 18,
"quality": 95,
"colorprofile": "RGB",
"materials": [
{
 "scale": [0.282072,0.263255,0.267742,0.217388,0.205735,0.224535,0.234751,0.224358,0.240307,0.241449,0.229624,0.252756,0.260332,0.251053,0.286249,0.26297,0.251047,0.282713],
 "bias": [-0.0117794,-0.0140309,-0.0090042,0.500817,0.500731,0.518223,0.474323,0.472557,0.480484,0.805821,0.805449,0.774334,0.573321,0.568506,0.549749,0.682797,0.675481,0.650329] }
]
}
