{
"width": 4500, "height": 3000,
"format": "jpg",
"pixelSizeInMM": 0.067807,
"type":"ptm",
"colorspace":"rgb",
"lights": [16.416, 73.961, 187.164, 90.866, 34.888, 178.390, 110.776, -36.258, 168.277, 77.498, -104.401, 159.722, 22.340, -131.094, 157.657, -45.218, -105.942, 169.077, -81.627, -37.790, 181.681, -57.163, 42.063, 188.776, 66.300, 93.855, 169.237, 137.599, 23.753, 152.763, 124.028, -84.997, 144.048, 60.085, -138.963, 143.145, -27.066, -143.959, 147.322, -95.260, -87.642, 160.117, -104.323, 27.653, 173.106, -37.991, 99.331, 173.936, 10.563, 141.498, 151.016, 128.172, 89.724, 138.586, 163.278, -30.761, 129.041, 111.395, -134.173, 119.962, 12.294, -170.729, 123.624, -86.005, -131.011, 138.343, -144.632, -26.226, 146.901, -105.683, 96.197, 150.214, 84.859, 153.396, 118.891, 176.822, 46.864, 109.419, 165.482, -94.457, 98.816, 74.108, -175.859, 98.381, -50.659, -178.811, 105.501, -152.695, -91.349, 115.738, -163.158, 53.051, 123.183, -68.261, 155.826, 124.786, 3.016, 196.811, 88.980, 156.740, 127.591, 79.787, 204.545, -16.083, 73.935, 136.137, -155.593, 70.785, 7.823, -206.983, 69.984, -127.698, -156.663, 79.772, -196.005, -17.888, 89.004, -140.253, 133.299, 94.341, 90.713, 197.281, 45.839, 208.665, 67.442, 39.357, 197.319, -96.531, 38.170, 80.758, -203.094, 41.630, -71.495, -206.541, 41.618, -190.786, -99.740, 50.949, -200.722, 73.217, 55.146, -88.020, 195.752, 52.666],
"nplanes": 18,
"quality": 95,
"colorprofile": "sRGB",
"materials": [
{
 "scale": [0.880753,0.857689,0.88634,0.875856,0.85485,0.836487,0.828475,0.818013,0.838571,1.04315,1.01311,0.982006,0.881346,0.857311,0.879063,1.02378,0.999259,0.984486],
 "bias": [-0.0513239,-0.0586689,-0.0137104,0.329987,0.342421,0.350913,0.505704,0.509126,0.513523,0.844726,0.832015,0.825771,0.463477,0.469155,0.437058,0.785438,0.775689,0.769747] }
]
}
