{
"width": 5600, "height": 3733,
"format": "jpg",
"pixelSizeInMM": 0.0555282,
"type":"ptm",
"colorspace":"rgb",
"lights": [-29.774, 76.796, 184.746, 44.073, 44.204, 191.368, 65.234, -26.133, 189.001, 26.180, -94.783, 177.920, -48.538, -118.012, 161.356, -111.384, -93.145, 148.375, -134.416, -32.089, 153.855, -105.849, 36.900, 170.834, 26.710, 99.102, 175.829, 105.076, 29.296, 172.487, 84.091, -78.569, 169.137, 6.106, -134.904, 156.182, -93.147, -129.473, 135.712, -149.321, -77.147, 127.008, -149.141, 14.331, 144.504, -77.913, 92.489, 165.641, -18.391, 137.856, 153.187, 97.216, 90.301, 157.869, 134.355, -26.369, 154.807, 68.734, -134.551, 143.412, -43.441, -164.849, 124.395, -139.539, -119.730, 108.179, -174.944, -32.294, 115.780, -135.574, 82.022, 136.710, 56.723, 150.985, 133.970, 156.445, 40.448, 133.673, 140.719, -95.593, 124.790, 29.323, -180.104, 110.010, -103.862, -166.117, 90.490, -177.948, -91.408, 83.486, -183.492, 38.610, 103.191, -89.811, 145.529, 123.803, -8.061, 191.458, 97.196, 140.217, 123.662, 103.967, 185.168, -27.299, 103.670, 107.465, -166.134, 87.263, -35.657, -202.607, 72.855, -156.366, -141.942, 61.116, -205.701, -26.310, 69.472, -156.659, 120.457, 87.678, 82.431, 188.166, 73.435, 198.248, 56.763, 71.862, 180.905, -107.585, 62.729, 49.541, -211.666, 45.120, -105.005, -193.984, 35.146, -196.211, -98.415, 38.672, -208.022, 60.661, 47.117, -91.535, 187.371, 67.023],
"nplanes": 18,
"quality": 95,
"colorprofile": "RGB",
"materials": [
{
 "scale": [0.362337,0.350319,0.368067,0.202185,0.194124,0.220348,0.238629,0.230446,0.259342,0.271136,0.265587,0.305276,0.249471,0.246641,0.289954,0.277991,0.270921,0.309],
 "bias": [-0.00106055,-0.00129903,0.00206883,0.561845,0.560582,0.554191,0.479899,0.481366,0.47947,0.735025,0.727453,0.72294,0.423763,0.42644,0.438841,0.768938,0.767091,0.743816] }
]
}
