{
"width": 4060, "height": 5620,
"format": "jpg",
"pixelSizeInMM": 0.0598631,
"type":"ptm",
"colorspace":"rgb",
"lights": [-114.385, -7.638, 169.393, -73.088, 76.287, 174.300, 6.396, 100.727, 176.672, 78.808, 67.199, 175.362, 100.469, -7.970, 176.742, 68.826, -83.361, 173.012, 8.035, -113.550, 169.855, -69.752, -87.885, 170.776, -126.473, 51.956, 154.947, -50.711, 135.761, 148.598, 60.317, 116.778, 158.745, 119.854, 48.372, 160.251, 114.406, -60.658, 160.084, 55.124, -128.521, 152.603, -48.783, -135.263, 149.511, -125.414, -65.421, 151.360, -168.034, -5.578, 126.950, -116.683, 119.846, 127.867, 15.691, 164.629, 129.847, 122.331, 106.441, 133.112, 156.008, -6.821, 138.864, 103.167, -115.590, 139.987, 4.985, -167.382, 127.665, -112.105, -131.329, 121.938, -175.894, 72.827, 99.064, -63.038, 179.586, 99.132, 88.131, 168.783, 99.017, 171.667, 66.740, 107.755, 160.734, -74.107, 116.877, 71.611, -171.949, 104.927, -64.698, -183.754, 92.265, -170.969, -89.384, 95.221, -211.728, -8.911, 59.397, -142.411, 155.781, 61.387, 21.828, 210.183, 60.811, 159.159, 133.415, 68.838, 200.388, -7.104, 82.668, 139.452, -143.852, 82.959, 13.208, -210.993, 60.594, -136.379, -164.707, 54.690, -205.969, 86.053, 25.422, -63.767, 215.370, 19.491, 111.429, 193.351, 25.668, 207.420, 74.588, 35.678, 194.688, -82.552, 60.454, 93.729, -200.351, 33.042, -60.538, -217.414, 14.342, -187.542, -104.834, 52.084],
"nplanes": 18,
"quality": 95,
"colorprofile": "RGB",
"materials": [
{
 "scale": [0.389369,0.362922,0.356617,0.275323,0.259894,0.275781,0.323576,0.308773,0.318535,0.310945,0.294956,0.322005,0.348328,0.336356,0.394225,0.359812,0.340716,0.37583],
 "bias": [-0.0139199,-0.0159439,-0.0122214,0.487661,0.48763,0.502991,0.450442,0.451846,0.466924,0.803221,0.801738,0.774829,0.596947,0.594129,0.587103,0.627293,0.617138,0.582196] }
]
}
