{
"width": 5700, "height": 3800,
"format": "jpg",
"pixelSizeInMM": 0.0411619,
"type":"ptm",
"colorspace":"rgb",
"lights": [21.126, 87.779, 181.538, 86.658, 52.617, 176.451, 107.259, -16.273, 172.807, 75.344, -80.845, 171.711, 13.344, -105.570, 173.904, -50.941, -80.538, 179.329, -76.671, -12.338, 186.493, -50.968, 55.711, 187.252, 65.724, 107.419, 162.462, 137.807, 36.720, 150.446, 121.613, -62.562, 154.922, 57.621, -121.025, 156.903, -35.123, -121.093, 162.362, -102.854, -59.028, 167.070, -101.261, 45.298, 171.480, -33.917, 110.388, 168.907, 18.408, 150.752, 142.728, 125.200, 99.924, 135.046, 164.414, -15.198, 130.115, 111.423, -118.597, 132.541, 7.794, -158.302, 136.673, -97.888, -114.272, 143.954, -144.904, -6.886, 148.481, -96.604, 106.724, 149.382, 81.653, 160.682, 112.878, 176.889, 56.867, 105.559, 166.160, -80.683, 107.044, 72.910, -168.368, 108.696, -63.136, -169.546, 112.014, -154.839, -76.052, 122.122, -156.922, 70.316, 122.746, -57.160, 167.604, 116.771, 10.683, 202.341, 78.829, 154.488, 136.373, 72.156, 205.414, -7.894, 73.164, 138.284, -148.563, 78.197, 0.969, -202.181, 79.645, -131.138, -149.655, 85.352, -138.217, -142.011, 86.744, -134.981, 142.695, 89.659, 91.711, 199.396, 38.778, 209.691, 73.037, 29.960, 198.663, -91.079, 41.677, 79.929, -202.567, 44.014, -83.345, -199.542, 48.336, -194.224, -87.498, 56.724, -196.394, 83.443, 55.829, -76.214, 201.347, 50.937],
"nplanes": 18,
"quality": 95,
"colorprofile": "RGB",
"materials": [
{
 "scale": [0.377553,0.357211,0.375765,0.236917,0.228906,0.268543,0.274133,0.261554,0.298071,0.272358,0.268225,0.333473,0.262014,0.257162,0.307573,0.292635,0.285259,0.348589],
 "bias": [0.00533332,0.00523573,0.0136157,0.494134,0.49135,0.499489,0.45896,0.460675,0.467387,0.819669,0.810154,0.788846,0.507958,0.505203,0.502219,0.778899,0.772134,0.746537] }
]
}
