{
"width": 5871, "height": 3914,
"format": "jpg",
"pixelSizeInMM": 0.0572247,
"type":"ptm",
"colorspace":"rgb",
"lights": [5.900, 114.799, 169.214, 73.999, 82.130, 171.690, 97.820, 13.795, 177.704, 67.241, -53.644, 183.310, -2.552, -79.287, 185.887, -68.439, -46.840, 184.528, -89.916, 29.280, 179.661, -67.788, 95.692, 167.858, 51.214, 126.279, 155.286, 124.429, 61.561, 153.379, 112.579, -41.540, 166.215, 48.863, -101.375, 170.588, -52.195, -99.561, 170.657, -114.041, -25.864, 168.055, -103.516, 71.391, 162.582, -45.183, 126.350, 156.800, 2.656, 161.224, 134.012, 112.390, 114.769, 134.610, 154.874, 4.186, 139.990, 103.862, -105.030, 146.299, -7.695, -144.318, 148.922, -110.567, -88.891, 151.034, -145.400, 22.891, 146.734, -100.648, 120.544, 138.046, 167.534, 67.396, 112.444, 162.387, -72.868, 115.673, 60.755, -159.687, 123.977, -73.830, -154.783, 123.269, -162.017, -53.538, 124.221, -153.978, 83.364, 119.135, -66.326, 168.618, 111.664, -3.329, 203.470, 77.187, 144.291, 142.532, 78.466, 200.610, -2.661, 82.465, 130.179, -148.343, 88.101, -11.582, -193.593, 93.643, -144.967, -129.839, 92.582, -194.600, 14.258, 91.768, -135.267, 146.359, 84.813, 77.518, 200.727, 51.238, 205.783, 71.719, 43.550, 195.478, -93.343, 47.300, 72.840, -200.744, 55.419, -90.997, -189.544, 63.234, -197.525, -75.366, 60.575, -195.694, 87.255, 53.608, -92.072, 195.932, 47.676],
"nplanes": 18,
"quality": 95,
"colorprofile": "RGB",
"materials": [
{
 "scale": [0.173173,0.159255,0.163342,0.127758,0.117891,0.126197,0.12647,0.116138,0.121399,0.149562,0.138144,0.148261,0.149598,0.142744,0.163323,0.166509,0.152523,0.158752],
 "bias": [-0.00984555,-0.0137818,-0.00772861,0.418906,0.424815,0.473003,0.442481,0.442726,0.443447,0.802515,0.785446,0.765461,0.527788,0.529857,0.52079,0.812949,0.804284,0.771388] }
]
}
