{
"width": 5501, "height": 3667,
"format": "jpg",
"pixelSizeInMM": 0.0592322,
"type":"ptm",
"colorspace":"rgb",
"lights": [35.579, 120.331, 162.755, 95.134, 87.436, 160.275, 115.999, 16.472, 167.921, 87.658, -49.321, 176.842, 17.016, -80.685, 184.710, -51.863, -49.204, 188.607, -75.854, 24.101, 185.790, -40.297, 93.405, 176.280, 74.803, 130.051, 144.331, 139.183, 61.860, 142.341, 129.131, -33.731, 157.316, 66.234, -100.524, 165.980, -41.304, -104.332, 170.770, -103.853, -32.931, 172.559, -94.660, 77.075, 164.933, -19.596, 137.170, 153.576, 31.374, 163.955, 128.222, 124.097, 119.089, 122.702, 165.936, 8.718, 129.026, 118.866, -102.355, 138.209, 7.580, -148.532, 145.444, -104.974, -98.382, 149.448, -143.571, 22.310, 148.296, -87.911, 131.827, 136.713, 84.119, 167.732, 103.004, 172.913, 70.702, 104.172, 170.645, -68.131, 108.342, 76.389, -160.105, 116.394, -70.170, -160.386, 119.172, -160.653, -64.146, 121.578, -151.780, 92.099, 116.220, -47.871, 178.258, 107.231, 14.899, 205.791, 71.628, 148.446, 143.967, 70.685, 203.636, -0.913, 76.918, 141.212, -143.563, 81.125, -1.133, -200.325, 82.998, -140.580, -137.556, 89.229, -198.141, 11.524, 86.221, -124.782, 159.084, 79.643, 86.690, 202.966, 34.727, 203.319, 74.827, 47.216, 197.903, -91.746, 42.918, 83.655, -200.508, 45.489, -85.917, -197.816, 49.920, -198.527, -79.297, 54.847, -194.594, 96.803, 45.248, -77.368, 204.293, 41.962],
"nplanes": 18,
"quality": 95,
"colorprofile": "RGB",
"materials": [
{
 "scale": [0.401145,0.375023,0.376121,0.281723,0.266599,0.290824,0.228539,0.214103,0.239944,0.36765,0.341849,0.377461,0.28375,0.277583,0.331107,0.306717,0.292218,0.32802],
 "bias": [-0.0061099,-0.00776608,-0.00185092,0.463164,0.465336,0.476539,0.428139,0.430912,0.45179,0.712697,0.685215,0.617329,0.441093,0.446007,0.454681,0.838888,0.836049,0.803868] }
]
}
