{
"width": 5499, "height": 3666,
"format": "jpg",
"pixelSizeInMM": 0.0515315,
"type":"ptm",
"colorspace":"rgb",
"lights": [31.821, 116.916, 165.494, 86.405, 87.935, 164.169, 110.673, 18.869, 170.737, 84.882, -50.649, 177.677, 16.868, -79.127, 185.301, -56.493, -51.875, 186.835, -78.113, 21.732, 185.235, -41.151, 89.695, 177.753, 66.969, 130.648, 147.049, 133.523, 62.086, 146.684, 127.268, -34.821, 158.389, 63.573, -98.602, 167.829, -38.295, -100.918, 173.099, -103.976, -33.932, 172.331, -96.902, 72.867, 165.449, -23.728, 132.750, 156.318, 22.187, 160.411, 133.328, 116.975, 114.969, 131.242, 163.333, 6.946, 131.784, 115.421, -98.665, 142.752, 5.511, -142.907, 150.131, -100.503, -94.748, 153.907, -145.310, 14.126, 147.723, -90.926, 125.067, 140.267, 77.584, 166.297, 108.657, 170.512, 70.134, 107.503, 169.493, -64.619, 111.409, 78.819, -153.904, 121.661, -64.065, -156.349, 126.047, -157.597, -59.624, 126.551, -149.244, 88.449, 121.006, -53.621, 171.913, 113.075, 7.982, 204.232, 75.477, 146.911, 141.986, 75.628, 202.420, 1.168, 79.201, 141.563, -141.307, 83.545, 1.898, -196.362, 89.743, -141.227, -132.699, 93.880, -193.747, 9.819, 93.555, -130.218, 149.275, 86.877, 83.962, 201.718, 41.834, 205.004, 75.901, 41.499, 199.578, -87.748, 43.272, 84.650, -199.820, 46.199, -86.906, -195.385, 54.688, -196.047, -80.132, 59.690, -195.837, 88.999, 51.405, -82.298, 200.708, 46.442],
"nplanes": 18,
"quality": 95,
"colorprofile": "RGB",
"materials": [
{
 "scale": [0.398957,0.383751,0.408014,0.266484,0.257057,0.290989,0.307601,0.295605,0.331122,0.317511,0.312108,0.36624,0.309063,0.304338,0.357116,0.352362,0.342412,0.393294],
 "bias": [-0.00324782,-0.00476474,-0.0012418,0.457514,0.459584,0.466383,0.421924,0.4179,0.423534,0.788567,0.787877,0.782498,0.409981,0.414333,0.428825,0.706038,0.702987,0.682722] }
]
}
