{
"width": 5501, "height": 3667,
"format": "jpg",
"pixelSizeInMM": 0.0514073,
"type":"ptm",
"colorspace":"rgb",
"lights": [27.303, 84.979, 181.974, 92.263, 49.593, 174.763, 110.246, -11.664, 171.519, 83.980, -75.193, 170.483, 18.097, -105.076, 173.793, -51.698, -77.908, 180.137, -77.686, -8.266, 186.325, -47.095, 63.047, 186.118, 70.139, 100.945, 164.398, 136.189, 35.846, 151.845, 124.188, -61.076, 153.703, 63.692, -120.199, 155.460, -34.249, -124.808, 160.131, -101.331, -59.545, 167.703, -97.597, 46.506, 173.007, -29.387, 109.852, 169.922, 17.889, 147.460, 145.600, 125.511, 95.615, 137.346, 162.234, -13.812, 132.448, 113.515, -118.649, 131.049, 10.304, -160.360, 134.555, -96.352, -115.722, 143.852, -143.474, -7.540, 149.606, -96.216, 107.004, 149.423, 81.781, 157.562, 116.240, 175.700, 54.566, 108.029, 167.565, -83.022, 103.901, 71.736, -170.708, 106.428, -61.244, -170.659, 111.509, -154.518, -77.404, 121.766, -154.332, 73.262, 123.995, -57.110, 166.301, 118.265, 8.043, 202.785, 78.229, 151.847, 136.547, 75.817, 204.814, -9.268, 74.237, 137.257, -151.653, 75.175, 3.038, -204.798, 74.634, -193.930, -10.198, 93.237, -133.235, 141.838, 92.598, 86.425, 199.218, 45.781, 207.182, 72.939, 38.233, 196.101, -93.717, 45.243, 76.835, -205.170, 40.013, -78.903, -203.189, 43.407, -192.349, -91.510, 56.763, -196.996, 77.355, 60.048, -92.121, 189.274, 62.677],
"nplanes": 18,
"quality": 95,
"colorprofile": "RGB",
"materials": [
{
 "scale": [0.446679,0.408355,0.412873,0.279223,0.266928,0.301356,0.29814,0.285606,0.317263,0.328781,0.320078,0.373427,0.323999,0.313859,0.362574,0.334715,0.322599,0.373283],
 "bias": [-0.00364075,-0.00507839,0.00115255,0.454844,0.462603,0.479499,0.474003,0.474657,0.48106,0.811601,0.801082,0.783807,0.478328,0.477935,0.474751,0.816798,0.808941,0.771721] }
]
}
